srNo,firstName,lastName,salary
1,pulkit,kumar,1111
2,pulkit,kumar,1111
3,pulkit,kumar,1111
4,pulkit,kumar,1111
5,pulkit,kumar,1111
6,pulkit,kumar,1111
7,pulkit,kumar,1111
8,pulkit,kumar,1111
9,pulkit,kumar,1111
10,pulkit,kumar,1111
11,pulkit,kumar,1111
12,pulkit,kumar,1111
13,pulkit,kumar,1111
14,pulkit,kumar,1111
15,pulkit,kumar,1111
16,pulkit,kumar,1111
17,pulkit,kumar,1111
18,pulkit,kumar,1111
19,pulkit,kumar,1111
20,pulkit,kumar,1111
21,pulkit,kumar,1111
22,pulkit,kumar,1111
23,pulkit,kumar,1111
24,pulkit,kumar,1111
25,pulkit,kumar,1111
26,pulkit,kumar,1111
27,pulkit,kumar,1111
28,pulkit,kumar,1111
29,pulkit,kumar,1111
30,pulkit,kumar,1111
31,pulkit,kumar,1111
32,pulkit,kumar,1111
33,pulkit,kumar,1111
34,pulkit,kumar,1111
35,pulkit,kumar,1111
36,pulkit,kumar,1111
37,pulkit,kumar,1111
38,pulkit,kumar,1111
39,pulkit,kumar,1111
40,pulkit,kumar,1111
41,pulkit,kumar,1111
42,pulkit,kumar,1111
43,pulkit,kumar,1111
44,pulkit,kumar,1111
45,pulkit,kumar,1111
46,pulkit,kumar,1111
47,pulkit,kumar,1111
48,pulkit,kumar,1111
49,pulkit,kumar,1111
50,pulkit,kumar,1111
51,pulkit,kumar,1111
52,pulkit,kumar,1111
53,pulkit,kumar,1111
54,pulkit,kumar,1111
55,pulkit,kumar,1111
56,pulkit,kumar,1111
57,pulkit,kumar,1111
58,pulkit,kumar,1111
59,pulkit,kumar,1111
60,pulkit,kumar,1111
61,pulkit,kumar,1111
62,pulkit,kumar,1111
63,pulkit,kumar,1111
64,pulkit,kumar,1111
65,pulkit,kumar,1111
66,pulkit,kumar,1111
67,pulkit,kumar,1111
68,pulkit,kumar,1111
69,pulkit,kumar,1111
70,pulkit,kumar,1111
71,pulkit,kumar,1111
72,pulkit,kumar,1111
73,pulkit,kumar,1111
74,pulkit,kumar,1111
75,pulkit,kumar,1111
76,pulkit,kumar,1111
77,pulkit,kumar,1111
78,pulkit,kumar,1111
79,pulkit,kumar,1111
80,pulkit,kumar,1111
81,pulkit,kumar,1111
82,pulkit,kumar,1111
83,pulkit,kumar,1111
84,pulkit,kumar,1111
85,pulkit,kumar,1111
86,pulkit,kumar,1111
87,pulkit,kumar,1111
88,pulkit,kumar,1111
89,pulkit,kumar,1111
90,pulkit,kumar,1111
91,pulkit,kumar,1111
92,pulkit,kumar,1111
93,pulkit,kumar,1111
94,pulkit,kumar,1111
95,pulkit,kumar,1111
96,pulkit,kumar,1111
97,pulkit,kumar,1111
98,pulkit,kumar,1111
99,pulkit,kumar,1111
100,pulkit,kumar,1111
101,pulkit,kumar,1111
102,pulkit,kumar,1111
103,pulkit,kumar,1111
104,pulkit,kumar,1111
105,pulkit,kumar,1111
106,pulkit,kumar,1111
107,pulkit,kumar,1111
108,pulkit,kumar,1111
109,pulkit,kumar,1111
110,pulkit,kumar,1111
111,pulkit,kumar,1111
112,pulkit,kumar,1111
113,pulkit,kumar,1111
114,pulkit,kumar,1111
115,pulkit,kumar,1111
116,pulkit,kumar,1111
117,pulkit,kumar,1111
118,pulkit,kumar,1111
119,pulkit,kumar,1111
120,pulkit,kumar,1111
121,pulkit,kumar,1111
122,pulkit,kumar,1111
123,pulkit,kumar,1111
124,pulkit,kumar,1111
125,pulkit,kumar,1111
126,pulkit,kumar,1111
127,pulkit,kumar,1111
128,pulkit,kumar,1111
129,pulkit,kumar,1111
130,pulkit,kumar,1111
131,pulkit,kumar,1111
132,pulkit,kumar,1111
133,pulkit,kumar,1111
134,pulkit,kumar,1111
135,pulkit,kumar,1111
136,pulkit,kumar,1111
137,pulkit,kumar,1111
138,pulkit,kumar,1111
139,pulkit,kumar,1111
140,pulkit,kumar,1111
141,pulkit,kumar,1111
142,pulkit,kumar,1111
143,pulkit,kumar,1111
144,pulkit,kumar,1111
145,pulkit,kumar,1111
146,pulkit,kumar,1111
147,pulkit,kumar,1111
148,pulkit,kumar,1111
149,pulkit,kumar,1111
150,pulkit,kumar,1111
151,pulkit,kumar,1111
152,pulkit,kumar,1111
153,pulkit,kumar,1111
154,pulkit,kumar,1111
155,pulkit,kumar,1111
156,pulkit,kumar,1111
157,pulkit,kumar,1111
158,pulkit,kumar,1111
159,pulkit,kumar,1111
160,pulkit,kumar,1111
161,pulkit,kumar,1111
162,pulkit,kumar,1111
163,pulkit,kumar,1111
164,pulkit,kumar,1111
165,pulkit,kumar,1111
166,pulkit,kumar,1111
167,pulkit,kumar,1111
168,pulkit,kumar,1111
169,pulkit,kumar,1111
170,pulkit,kumar,1111
171,pulkit,kumar,1111
172,pulkit,kumar,1111
173,pulkit,kumar,1111
174,pulkit,kumar,1111
175,pulkit,kumar,1111
176,pulkit,kumar,1111
177,pulkit,kumar,1111
178,pulkit,kumar,1111
179,pulkit,kumar,1111
180,pulkit,kumar,1111
181,pulkit,kumar,1111
182,pulkit,kumar,1111
183,pulkit,kumar,1111
184,pulkit,kumar,1111
185,pulkit,kumar,1111
186,pulkit,kumar,1111
187,pulkit,kumar,1111
188,pulkit,kumar,1111
189,pulkit,kumar,1111
190,pulkit,kumar,1111
191,pulkit,kumar,1111
192,pulkit,kumar,1111
193,pulkit,kumar,1111
194,pulkit,kumar,1111
195,pulkit,kumar,1111
196,pulkit,kumar,1111
197,pulkit,kumar,1111
198,pulkit,kumar,1111
199,pulkit,kumar,1111
200,pulkit,kumar,1111
201,pulkit,kumar,1111
202,pulkit,kumar,1111
203,pulkit,kumar,1111
204,pulkit,kumar,1111
205,pulkit,kumar,1111
206,pulkit,kumar,1111
207,pulkit,kumar,1111
208,pulkit,kumar,1111
209,pulkit,kumar,1111
210,pulkit,kumar,1111
211,pulkit,kumar,1111
212,pulkit,kumar,1111
213,pulkit,kumar,1111
214,pulkit,kumar,1111
215,pulkit,kumar,1111
216,pulkit,kumar,1111
217,pulkit,kumar,1111
218,pulkit,kumar,1111
219,pulkit,kumar,1111
220,pulkit,kumar,1111
221,pulkit,kumar,1111
222,pulkit,kumar,1111
223,pulkit,kumar,1111
224,pulkit,kumar,1111
225,pulkit,kumar,1111
226,pulkit,kumar,1111
227,pulkit,kumar,1111
228,pulkit,kumar,1111
229,pulkit,kumar,1111
230,pulkit,kumar,1111
231,pulkit,kumar,1111
232,pulkit,kumar,1111
233,pulkit,kumar,1111
234,pulkit,kumar,1111
235,pulkit,kumar,1111
236,pulkit,kumar,1111
237,pulkit,kumar,1111
238,pulkit,kumar,1111
239,pulkit,kumar,1111
240,pulkit,kumar,1111
241,pulkit,kumar,1111
242,pulkit,kumar,1111
243,pulkit,kumar,1111
244,pulkit,kumar,1111
245,pulkit,kumar,1111
246,pulkit,kumar,1111
247,pulkit,kumar,1111
248,pulkit,kumar,1111
249,pulkit,kumar,1111
250,pulkit,kumar,1111
251,pulkit,kumar,1111
252,pulkit,kumar,1111
253,pulkit,kumar,1111
254,pulkit,kumar,1111
255,pulkit,kumar,1111
256,pulkit,kumar,1111
257,pulkit,kumar,1111
258,pulkit,kumar,1111
259,pulkit,kumar,1111
260,pulkit,kumar,1111
261,pulkit,kumar,1111
262,pulkit,kumar,1111
263,pulkit,kumar,1111
264,pulkit,kumar,1111
265,pulkit,kumar,1111
266,pulkit,kumar,1111
267,pulkit,kumar,1111
268,pulkit,kumar,1111
269,pulkit,kumar,1111
270,pulkit,kumar,1111
271,pulkit,kumar,1111
272,pulkit,kumar,1111
273,pulkit,kumar,1111
274,pulkit,kumar,1111
275,pulkit,kumar,1111
276,pulkit,kumar,1111
277,pulkit,kumar,1111
278,pulkit,kumar,1111
279,pulkit,kumar,1111
280,pulkit,kumar,1111
281,pulkit,kumar,1111
282,pulkit,kumar,1111
283,pulkit,kumar,1111
284,pulkit,kumar,1111
285,pulkit,kumar,1111
286,pulkit,kumar,1111
287,pulkit,kumar,1111
288,pulkit,kumar,1111
289,pulkit,kumar,1111
290,pulkit,kumar,1111
291,pulkit,kumar,1111
292,pulkit,kumar,1111
293,pulkit,kumar,1111
294,pulkit,kumar,1111
295,pulkit,kumar,1111
296,pulkit,kumar,1111
297,pulkit,kumar,1111
298,pulkit,kumar,1111
299,pulkit,kumar,1111
300,pulkit,kumar,1111
301,pulkit,kumar,1111
302,pulkit,kumar,1111
303,pulkit,kumar,1111
304,pulkit,kumar,1111
305,pulkit,kumar,1111
306,pulkit,kumar,1111
307,pulkit,kumar,1111
308,pulkit,kumar,1111
309,pulkit,kumar,1111
310,pulkit,kumar,1111
311,pulkit,kumar,1111
312,pulkit,kumar,1111
313,pulkit,kumar,1111
314,pulkit,kumar,1111
315,pulkit,kumar,1111
316,pulkit,kumar,1111
317,pulkit,kumar,1111
318,pulkit,kumar,1111
319,pulkit,kumar,1111
320,pulkit,kumar,1111
321,pulkit,kumar,1111
322,pulkit,kumar,1111
323,pulkit,kumar,1111
324,pulkit,kumar,1111
325,pulkit,kumar,1111
326,pulkit,kumar,1111
327,pulkit,kumar,1111
328,pulkit,kumar,1111
329,pulkit,kumar,1111
330,pulkit,kumar,1111
331,pulkit,kumar,1111
332,pulkit,kumar,1111
333,pulkit,kumar,1111
334,pulkit,kumar,1111
335,pulkit,kumar,1111
336,pulkit,kumar,1111
337,pulkit,kumar,1111
338,pulkit,kumar,1111
339,pulkit,kumar,1111
340,pulkit,kumar,1111
341,pulkit,kumar,1111
342,pulkit,kumar,1111
343,pulkit,kumar,1111
344,pulkit,kumar,1111
345,pulkit,kumar,1111
346,pulkit,kumar,1111
347,pulkit,kumar,1111
348,pulkit,kumar,1111
349,pulkit,kumar,1111
350,pulkit,kumar,1111
351,pulkit,kumar,1111
352,pulkit,kumar,1111
353,pulkit,kumar,1111
354,pulkit,kumar,1111
355,pulkit,kumar,1111
356,pulkit,kumar,1111
357,pulkit,kumar,1111
358,pulkit,kumar,1111
359,pulkit,kumar,1111
360,pulkit,kumar,1111
361,pulkit,kumar,1111
362,pulkit,kumar,1111
363,pulkit,kumar,1111
364,pulkit,kumar,1111
365,pulkit,kumar,1111
366,pulkit,kumar,1111
367,pulkit,kumar,1111
368,pulkit,kumar,1111
369,pulkit,kumar,1111
370,pulkit,kumar,1111
371,pulkit,kumar,1111
372,pulkit,kumar,1111
373,pulkit,kumar,1111
374,pulkit,kumar,1111
375,pulkit,kumar,1111
376,pulkit,kumar,1111
377,pulkit,kumar,1111
378,pulkit,kumar,1111
379,pulkit,kumar,1111
380,pulkit,kumar,1111
381,pulkit,kumar,1111
382,pulkit,kumar,1111
383,pulkit,kumar,1111
384,pulkit,kumar,1111
385,pulkit,kumar,1111
386,pulkit,kumar,1111
387,pulkit,kumar,1111
388,pulkit,kumar,1111
389,pulkit,kumar,1111
390,pulkit,kumar,1111
391,pulkit,kumar,1111
392,pulkit,kumar,1111
393,pulkit,kumar,1111
394,pulkit,kumar,1111
395,pulkit,kumar,1111
396,pulkit,kumar,1111
397,pulkit,kumar,1111
398,pulkit,kumar,1111
399,pulkit,kumar,1111
400,pulkit,kumar,1111
401,pulkit,kumar,1111
402,pulkit,kumar,1111
403,pulkit,kumar,1111
404,pulkit,kumar,1111
405,pulkit,kumar,1111
406,pulkit,kumar,1111
407,pulkit,kumar,1111
408,pulkit,kumar,1111
409,pulkit,kumar,1111
410,pulkit,kumar,1111
411,pulkit,kumar,1111
412,pulkit,kumar,1111
413,pulkit,kumar,1111
414,pulkit,kumar,1111
415,pulkit,kumar,1111
416,pulkit,kumar,1111
417,pulkit,kumar,1111
418,pulkit,kumar,1111
419,pulkit,kumar,1111
420,pulkit,kumar,1111
421,pulkit,kumar,1111
422,pulkit,kumar,1111
423,pulkit,kumar,1111
424,pulkit,kumar,1111
425,pulkit,kumar,1111
426,pulkit,kumar,1111
427,pulkit,kumar,1111
428,pulkit,kumar,1111
429,pulkit,kumar,1111
430,pulkit,kumar,1111
431,pulkit,kumar,1111
432,pulkit,kumar,1111
433,pulkit,kumar,1111
434,pulkit,kumar,1111
435,pulkit,kumar,1111
436,pulkit,kumar,1111
437,pulkit,kumar,1111
438,pulkit,kumar,1111
439,pulkit,kumar,1111
440,pulkit,kumar,1111
441,pulkit,kumar,1111
442,pulkit,kumar,1111
443,pulkit,kumar,1111
444,pulkit,kumar,1111
445,pulkit,kumar,1111
446,pulkit,kumar,1111
447,pulkit,kumar,1111
448,pulkit,kumar,1111
449,pulkit,kumar,1111
450,pulkit,kumar,1111
451,pulkit,kumar,1111
452,pulkit,kumar,1111
453,pulkit,kumar,1111
454,pulkit,kumar,1111
455,pulkit,kumar,1111
456,pulkit,kumar,1111
457,pulkit,kumar,1111
458,pulkit,kumar,1111
459,pulkit,kumar,1111
460,pulkit,kumar,1111
461,pulkit,kumar,1111
462,pulkit,kumar,1111
463,pulkit,kumar,1111
464,pulkit,kumar,1111
465,pulkit,kumar,1111
466,pulkit,kumar,1111
467,pulkit,kumar,1111
468,pulkit,kumar,1111
469,pulkit,kumar,1111
470,pulkit,kumar,1111
471,pulkit,kumar,1111
472,pulkit,kumar,1111
473,pulkit,kumar,1111
474,pulkit,kumar,1111
475,pulkit,kumar,1111
476,pulkit,kumar,1111
477,pulkit,kumar,1111
478,pulkit,kumar,1111
479,pulkit,kumar,1111
480,pulkit,kumar,1111
481,pulkit,kumar,1111
482,pulkit,kumar,1111
483,pulkit,kumar,1111
484,pulkit,kumar,1111
485,pulkit,kumar,1111
486,pulkit,kumar,1111
487,pulkit,kumar,1111
488,pulkit,kumar,1111
489,pulkit,kumar,1111
490,pulkit,kumar,1111
491,pulkit,kumar,1111
492,pulkit,kumar,1111
493,pulkit,kumar,1111
494,pulkit,kumar,1111
495,pulkit,kumar,1111
496,pulkit,kumar,1111
497,pulkit,kumar,1111
498,pulkit,kumar,1111
499,pulkit,kumar,1111
500,pulkit,kumar,1111
501,pulkit,kumar,1111
502,pulkit,kumar,1111
503,pulkit,kumar,1111
504,pulkit,kumar,1111
505,pulkit,kumar,1111
506,pulkit,kumar,1111
507,pulkit,kumar,1111
508,pulkit,kumar,1111
509,pulkit,kumar,1111
510,pulkit,kumar,1111
511,pulkit,kumar,1111
512,pulkit,kumar,1111
513,pulkit,kumar,1111
514,pulkit,kumar,1111
515,pulkit,kumar,1111
516,pulkit,kumar,1111
517,pulkit,kumar,1111
518,pulkit,kumar,1111
519,pulkit,kumar,1111
520,pulkit,kumar,1111
521,pulkit,kumar,1111
522,pulkit,kumar,1111
523,pulkit,kumar,1111
524,pulkit,kumar,1111
525,pulkit,kumar,1111
526,pulkit,kumar,1111
527,pulkit,kumar,1111
528,pulkit,kumar,1111
529,pulkit,kumar,1111
530,pulkit,kumar,1111
531,pulkit,kumar,1111
532,pulkit,kumar,1111
533,pulkit,kumar,1111
534,pulkit,kumar,1111
535,pulkit,kumar,1111
536,pulkit,kumar,1111
537,pulkit,kumar,1111
538,pulkit,kumar,1111
539,pulkit,kumar,1111
540,pulkit,kumar,1111
541,pulkit,kumar,1111
542,pulkit,kumar,1111
543,pulkit,kumar,1111
544,pulkit,kumar,1111
545,pulkit,kumar,1111
546,pulkit,kumar,1111
547,pulkit,kumar,1111
548,pulkit,kumar,1111
549,pulkit,kumar,1111
550,pulkit,kumar,1111
551,pulkit,kumar,1111
552,pulkit,kumar,1111
553,pulkit,kumar,1111
554,pulkit,kumar,1111
555,pulkit,kumar,1111
556,pulkit,kumar,1111
557,pulkit,kumar,1111
558,pulkit,kumar,1111
559,pulkit,kumar,1111
560,pulkit,kumar,1111
561,pulkit,kumar,1111
562,pulkit,kumar,1111
563,pulkit,kumar,1111
564,pulkit,kumar,1111
565,pulkit,kumar,1111
566,pulkit,kumar,1111
567,pulkit,kumar,1111
568,pulkit,kumar,1111
569,pulkit,kumar,1111
570,pulkit,kumar,1111
571,pulkit,kumar,1111
572,pulkit,kumar,1111
573,pulkit,kumar,1111
574,pulkit,kumar,1111
575,pulkit,kumar,1111
576,pulkit,kumar,1111
577,pulkit,kumar,1111
578,pulkit,kumar,1111
579,pulkit,kumar,1111
580,pulkit,kumar,1111
581,pulkit,kumar,1111
582,pulkit,kumar,1111
583,pulkit,kumar,1111
584,pulkit,kumar,1111
585,pulkit,kumar,1111
586,pulkit,kumar,1111
587,pulkit,kumar,1111
588,pulkit,kumar,1111
589,pulkit,kumar,1111
590,pulkit,kumar,1111
591,pulkit,kumar,1111
592,pulkit,kumar,1111
593,pulkit,kumar,1111
594,pulkit,kumar,1111
595,pulkit,kumar,1111
596,pulkit,kumar,1111
597,pulkit,kumar,1111
598,pulkit,kumar,1111
599,pulkit,kumar,1111
600,pulkit,kumar,1111
601,pulkit,kumar,1111
602,pulkit,kumar,1111
603,pulkit,kumar,1111
604,pulkit,kumar,1111
605,pulkit,kumar,1111
606,pulkit,kumar,1111
607,pulkit,kumar,1111
608,pulkit,kumar,1111
609,pulkit,kumar,1111
610,pulkit,kumar,1111
611,pulkit,kumar,1111
612,pulkit,kumar,1111
613,pulkit,kumar,1111
614,pulkit,kumar,1111
615,pulkit,kumar,1111
616,pulkit,kumar,1111
617,pulkit,kumar,1111
618,pulkit,kumar,1111
619,pulkit,kumar,1111
620,pulkit,kumar,1111
621,pulkit,kumar,1111
622,pulkit,kumar,1111
623,pulkit,kumar,1111
624,pulkit,kumar,1111
625,pulkit,kumar,1111
626,pulkit,kumar,1111
627,pulkit,kumar,1111
628,pulkit,kumar,1111
629,pulkit,kumar,1111
630,pulkit,kumar,1111
631,pulkit,kumar,1111
632,pulkit,kumar,1111
633,pulkit,kumar,1111
634,pulkit,kumar,1111
635,pulkit,kumar,1111
636,pulkit,kumar,1111
637,pulkit,kumar,1111
638,pulkit,kumar,1111
639,pulkit,kumar,1111
640,pulkit,kumar,1111
641,pulkit,kumar,1111
642,pulkit,kumar,1111
643,pulkit,kumar,1111
644,pulkit,kumar,1111
645,pulkit,kumar,1111
646,pulkit,kumar,1111
647,pulkit,kumar,1111
648,pulkit,kumar,1111
649,pulkit,kumar,1111
650,pulkit,kumar,1111
651,pulkit,kumar,1111
652,pulkit,kumar,1111
653,pulkit,kumar,1111
654,pulkit,kumar,1111
655,pulkit,kumar,1111
656,pulkit,kumar,1111
657,pulkit,kumar,1111
658,pulkit,kumar,1111
659,pulkit,kumar,1111
660,pulkit,kumar,1111
661,pulkit,kumar,1111
662,pulkit,kumar,1111
663,pulkit,kumar,1111
664,pulkit,kumar,1111
665,pulkit,kumar,1111
666,pulkit,kumar,1111
667,pulkit,kumar,1111
668,pulkit,kumar,1111
669,pulkit,kumar,1111
670,pulkit,kumar,1111
671,pulkit,kumar,1111
672,pulkit,kumar,1111
673,pulkit,kumar,1111
674,pulkit,kumar,1111
675,pulkit,kumar,1111
676,pulkit,kumar,1111
677,pulkit,kumar,1111
678,pulkit,kumar,1111
679,pulkit,kumar,1111
680,pulkit,kumar,1111
681,pulkit,kumar,1111
682,pulkit,kumar,1111
683,pulkit,kumar,1111
684,pulkit,kumar,1111
685,pulkit,kumar,1111
686,pulkit,kumar,1111
687,pulkit,kumar,1111
688,pulkit,kumar,1111
689,pulkit,kumar,1111
690,pulkit,kumar,1111
691,pulkit,kumar,1111
692,pulkit,kumar,1111
693,pulkit,kumar,1111
694,pulkit,kumar,1111
695,pulkit,kumar,1111
696,pulkit,kumar,1111
697,pulkit,kumar,1111
698,pulkit,kumar,1111
699,pulkit,kumar,1111
700,pulkit,kumar,1111
701,pulkit,kumar,1111
702,pulkit,kumar,1111
703,pulkit,kumar,1111
704,pulkit,kumar,1111
705,pulkit,kumar,1111
706,pulkit,kumar,1111
707,pulkit,kumar,1111
708,pulkit,kumar,1111
709,pulkit,kumar,1111
710,pulkit,kumar,1111
711,pulkit,kumar,1111
712,pulkit,kumar,1111
713,pulkit,kumar,1111
714,pulkit,kumar,1111
715,pulkit,kumar,1111
716,pulkit,kumar,1111
717,pulkit,kumar,1111
718,pulkit,kumar,1111
719,pulkit,kumar,1111
720,pulkit,kumar,1111
721,pulkit,kumar,1111
722,pulkit,kumar,1111
723,pulkit,kumar,1111
724,pulkit,kumar,1111
725,pulkit,kumar,1111
726,pulkit,kumar,1111
727,pulkit,kumar,1111
728,pulkit,kumar,1111
729,pulkit,kumar,1111
730,pulkit,kumar,1111
731,pulkit,kumar,1111
732,pulkit,kumar,1111
733,pulkit,kumar,1111
734,pulkit,kumar,1111
735,pulkit,kumar,1111
736,pulkit,kumar,1111
737,pulkit,kumar,1111
738,pulkit,kumar,1111
739,pulkit,kumar,1111
740,pulkit,kumar,1111
741,pulkit,kumar,1111
742,pulkit,kumar,1111
743,pulkit,kumar,1111
744,pulkit,kumar,1111
745,pulkit,kumar,1111
746,pulkit,kumar,1111
747,pulkit,kumar,1111
748,pulkit,kumar,1111
749,pulkit,kumar,1111
750,pulkit,kumar,1111
751,pulkit,kumar,1111
752,pulkit,kumar,1111
753,pulkit,kumar,1111
754,pulkit,kumar,1111
755,pulkit,kumar,1111
756,pulkit,kumar,1111
757,pulkit,kumar,1111
758,pulkit,kumar,1111
759,pulkit,kumar,1111
760,pulkit,kumar,1111
761,pulkit,kumar,1111
762,pulkit,kumar,1111
763,pulkit,kumar,1111
764,pulkit,kumar,1111
765,pulkit,kumar,1111
766,pulkit,kumar,1111
767,pulkit,kumar,1111
768,pulkit,kumar,1111
769,pulkit,kumar,1111
770,pulkit,kumar,1111
771,pulkit,kumar,1111
772,pulkit,kumar,1111
773,pulkit,kumar,1111
774,pulkit,kumar,1111
775,pulkit,kumar,1111
776,pulkit,kumar,1111
777,pulkit,kumar,1111
778,pulkit,kumar,1111
779,pulkit,kumar,1111
780,pulkit,kumar,1111
781,pulkit,kumar,1111
782,pulkit,kumar,1111
783,pulkit,kumar,1111
784,pulkit,kumar,1111
785,pulkit,kumar,1111
786,pulkit,kumar,1111
787,pulkit,kumar,1111
788,pulkit,kumar,1111
789,pulkit,kumar,1111
790,pulkit,kumar,1111
791,pulkit,kumar,1111
792,pulkit,kumar,1111
793,pulkit,kumar,1111
794,pulkit,kumar,1111
795,pulkit,kumar,1111
796,pulkit,kumar,1111
797,pulkit,kumar,1111
798,pulkit,kumar,1111
799,pulkit,kumar,1111
800,pulkit,kumar,1111
801,pulkit,kumar,1111
802,pulkit,kumar,1111
803,pulkit,kumar,1111
804,pulkit,kumar,1111
805,pulkit,kumar,1111
806,pulkit,kumar,1111
807,pulkit,kumar,1111
808,pulkit,kumar,1111
809,pulkit,kumar,1111
810,pulkit,kumar,1111
811,pulkit,kumar,1111
812,pulkit,kumar,1111
813,pulkit,kumar,1111
814,pulkit,kumar,1111
815,pulkit,kumar,1111
816,pulkit,kumar,1111
817,pulkit,kumar,1111
818,pulkit,kumar,1111
819,pulkit,kumar,1111
820,pulkit,kumar,1111
821,pulkit,kumar,1111
822,pulkit,kumar,1111
823,pulkit,kumar,1111
824,pulkit,kumar,1111
825,pulkit,kumar,1111
826,pulkit,kumar,1111
827,pulkit,kumar,1111
828,pulkit,kumar,1111
829,pulkit,kumar,1111
830,pulkit,kumar,1111
831,pulkit,kumar,1111
832,pulkit,kumar,1111
833,pulkit,kumar,1111
834,pulkit,kumar,1111
835,pulkit,kumar,1111
836,pulkit,kumar,1111
837,pulkit,kumar,1111
838,pulkit,kumar,1111
839,pulkit,kumar,1111
840,pulkit,kumar,1111
841,pulkit,kumar,1111
842,pulkit,kumar,1111
843,pulkit,kumar,1111
844,pulkit,kumar,1111
845,pulkit,kumar,1111
846,pulkit,kumar,1111
847,pulkit,kumar,1111
848,pulkit,kumar,1111
849,pulkit,kumar,1111
850,pulkit,kumar,1111
851,pulkit,kumar,1111
852,pulkit,kumar,1111
853,pulkit,kumar,1111
854,pulkit,kumar,1111
855,pulkit,kumar,1111
856,pulkit,kumar,1111
857,pulkit,kumar,1111
858,pulkit,kumar,1111
859,pulkit,kumar,1111
860,pulkit,kumar,1111
861,pulkit,kumar,1111
862,pulkit,kumar,1111
863,pulkit,kumar,1111
864,pulkit,kumar,1111
865,pulkit,kumar,1111
866,pulkit,kumar,1111
867,pulkit,kumar,1111
868,pulkit,kumar,1111
869,pulkit,kumar,1111
870,pulkit,kumar,1111
871,pulkit,kumar,1111
872,pulkit,kumar,1111
873,pulkit,kumar,1111
874,pulkit,kumar,1111
875,pulkit,kumar,1111
876,pulkit,kumar,1111
877,pulkit,kumar,1111
878,pulkit,kumar,1111
879,pulkit,kumar,1111
880,pulkit,kumar,1111
881,pulkit,kumar,1111
882,pulkit,kumar,1111
883,pulkit,kumar,1111
884,pulkit,kumar,1111
885,pulkit,kumar,1111
886,pulkit,kumar,1111
887,pulkit,kumar,1111
888,pulkit,kumar,1111
889,pulkit,kumar,1111
890,pulkit,kumar,1111
891,pulkit,kumar,1111
892,pulkit,kumar,1111
893,pulkit,kumar,1111
894,pulkit,kumar,1111
895,pulkit,kumar,1111
896,pulkit,kumar,1111
897,pulkit,kumar,1111
898,pulkit,kumar,1111
899,pulkit,kumar,1111
900,pulkit,kumar,1111
901,pulkit,kumar,1111
902,pulkit,kumar,1111
903,pulkit,kumar,1111
904,pulkit,kumar,1111
905,pulkit,kumar,1111
906,pulkit,kumar,1111
907,pulkit,kumar,1111
908,pulkit,kumar,1111
909,pulkit,kumar,1111
910,pulkit,kumar,1111
911,pulkit,kumar,1111
912,pulkit,kumar,1111
913,pulkit,kumar,1111
914,pulkit,kumar,1111
915,pulkit,kumar,1111
916,pulkit,kumar,1111
917,pulkit,kumar,1111
918,pulkit,kumar,1111
919,pulkit,kumar,1111
920,pulkit,kumar,1111
921,pulkit,kumar,1111
922,pulkit,kumar,1111
923,pulkit,kumar,1111
924,pulkit,kumar,1111
925,pulkit,kumar,1111
926,pulkit,kumar,1111
927,pulkit,kumar,1111
928,pulkit,kumar,1111
929,pulkit,kumar,1111
930,pulkit,kumar,1111
931,pulkit,kumar,1111
932,pulkit,kumar,1111
933,pulkit,kumar,1111
934,pulkit,kumar,1111
935,pulkit,kumar,1111
936,pulkit,kumar,1111
937,pulkit,kumar,1111
938,pulkit,kumar,1111
939,pulkit,kumar,1111
940,pulkit,kumar,1111
941,pulkit,kumar,1111
942,pulkit,kumar,1111
943,pulkit,kumar,1111
944,pulkit,kumar,1111
945,pulkit,kumar,1111
946,pulkit,kumar,1111
947,pulkit,kumar,1111
948,pulkit,kumar,1111
949,pulkit,kumar,1111
950,pulkit,kumar,1111
951,pulkit,kumar,1111
952,pulkit,kumar,1111
953,pulkit,kumar,1111
954,pulkit,kumar,1111
955,pulkit,kumar,1111
956,pulkit,kumar,1111
957,pulkit,kumar,1111
958,pulkit,kumar,1111
959,pulkit,kumar,1111
960,pulkit,kumar,1111
961,pulkit,kumar,1111
962,pulkit,kumar,1111
963,pulkit,kumar,1111
964,pulkit,kumar,1111
965,pulkit,kumar,1111
966,pulkit,kumar,1111
967,pulkit,kumar,1111
968,pulkit,kumar,1111
969,pulkit,kumar,1111
970,pulkit,kumar,1111
971,pulkit,kumar,1111
972,pulkit,kumar,1111
973,pulkit,kumar,1111
974,pulkit,kumar,1111
975,pulkit,kumar,1111
976,pulkit,kumar,1111
977,pulkit,kumar,1111
978,pulkit,kumar,1111
979,pulkit,kumar,1111
980,pulkit,kumar,1111
981,pulkit,kumar,1111
982,pulkit,kumar,1111
983,pulkit,kumar,1111
984,pulkit,kumar,1111
985,pulkit,kumar,1111
986,pulkit,kumar,1111
987,pulkit,kumar,1111
988,pulkit,kumar,1111
989,pulkit,kumar,1111
990,pulkit,kumar,1111
991,pulkit,kumar,1111
992,pulkit,kumar,1111
993,pulkit,kumar,1111
994,pulkit,kumar,1111
995,pulkit,kumar,1111
996,pulkit,kumar,1111
997,pulkit,kumar,1111
998,pulkit,kumar,1111
999,pulkit,kumar,1111